Epoch,Memory,trainBoxLoss,trainObjLoss,trainClsLoss,trainLoss,count,fixed,precision,recall,map05,map0595,valBoxLoss,valObjLoss,valClsLoss
0,8.54G,0.05554,0.02541,0.1206,0.2015,89,512,0.01036,8.50E-05,0.003212,0.002005,0.05134,0.01133,0.1148
1,9.14G,0.03534,0.01433,0.1157,0.1653,111,512,0.02205,0.0001616,0.0159,0.01152,0.03975,0.007313,0.1095
2,9.14G,0.02898,0.01208,0.1109,0.152,115,512,0.03244,0.02125,0.03073,0.02465,0.03646,0.006459,0.1056
3,9.14G,0.02499,0.01047,0.1056,0.1411,106,512,0.07589,0.03682,0.06287,0.05123,0.02944,0.005624,0.1007
4,9.14G,0.02192,0.00951,0.1008,0.1322,113,512,0.1359,0.1399,0.153,0.1268,0.02813,0.005074,0.09577
5,9.14G,0.02044,0.00897,0.09489,0.1243,75,512,0.2117,0.3574,0.2917,0.253,0.0265,0.004921,0.09002
6,9.14G,0.0199,0.008903,0.08819,0.117,119,512,0.2668,0.4614,0.4003,0.3498,0.02552,0.005165,0.08464
7,9.14G,0.02019,0.0088,0.08051,0.1095,116,512,0.2652,0.5993,0.5051,0.4486,0.02311,0.004202,0.07691
8,9.14G,0.02018,0.008589,0.07116,0.09993,140,512,0.2952,0.6214,0.5516,0.4914,0.02203,0.004405,0.06991
9,9.14G,0.02068,0.00856,0.0631,0.09234,121,512,0.3954,0.6263,0.5724,0.5205,0.02117,0.00409,0.06499
10,9.14G,0.02016,0.008316,0.05778,0.08626,82,512,0.5012,0.6271,0.5846,0.5426,0.02038,0.004064,0.06197
11,9.14G,0.01945,0.008091,0.05441,0.08195,92,512,0.5287,0.6357,0.5959,0.5538,0.01966,0.004116,0.0592
12,9.14G,0.01914,0.007853,0.05174,0.07874,136,512,0.535,0.6365,0.6095,0.5725,0.01918,0.003992,0.05675
13,9.14G,0.01925,0.007794,0.04923,0.07627,97,512,0.5292,0.6391,0.6182,0.5795,0.01884,0.003986,0.05438
14,9.14G,0.01888,0.007647,0.04637,0.0729,121,512,0.5132,0.6417,0.6251,0.5888,0.01886,0.004052,0.05223
15,9.14G,0.01906,0.007523,0.0432,0.06978,122,512,0.4553,0.6478,0.6327,0.5942,0.01841,0.003818,0.04904
16,9.14G,0.01975,0.007504,0.03865,0.06591,80,512,0.4059,0.649,0.6343,0.602,0.01826,0.003936,0.04555
17,9.14G,0.02068,0.007581,0.03294,0.06121,115,512,0.3372,0.6557,0.6396,0.6072,0.01819,0.003857,0.04111
18,9.14G,0.0212,0.007543,0.02732,0.05606,114,512,0.4145,0.6549,0.641,0.6107,0.01797,0.004083,0.03734
19,9.14G,0.02118,0.00749,0.02325,0.05192,99,512,0.5346,0.658,0.6466,0.6159,0.01734,0.003982,0.03464
20,9.14G,0.02076,0.007368,0.02098,0.04911,114,512,0.5646,0.6571,0.6484,0.6166,0.0172,0.003907,0.03335
21,9.14G,0.02009,0.007263,0.01933,0.04668,100,512,0.5985,0.6632,0.6532,0.6247,0.01662,0.003774,0.03189
22,9.14G,0.01988,0.007141,0.0185,0.04552,110,512,0.608,0.6606,0.6517,0.6225,0.01654,0.00369,0.03113
23,9.14G,0.01973,0.007157,0.01794,0.04482,120,512,0.6066,0.6546,0.646,0.6181,0.01777,0.003683,0.03118
24,9.14G,0.01955,0.007166,0.01751,0.04423,113,512,0.6215,0.6636,0.6566,0.6292,0.0162,0.003703,0.02968
25,9.14G,0.01898,0.006892,0.01649,0.04236,101,512,0.6289,0.6653,0.6601,0.6325,0.01587,0.003645,0.02881
26,9.14G,0.01876,0.006933,0.016,0.04169,120,512,0.6348,0.667,0.6633,0.6355,0.0155,0.003584,0.02828
27,9.14G,0.01876,0.006844,0.01561,0.04122,76,512,0.6362,0.6698,0.6684,0.6404,0.01536,0.003607,0.02768
28,9.14G,0.01832,0.006681,0.01527,0.04027,83,512,0.6515,0.6743,0.6721,0.6434,0.01509,0.003554,0.02713
29,9.14G,0.0182,0.006743,0.01526,0.0402,132,512,0.6431,0.6724,0.6733,0.6451,0.01487,0.003671,0.02715
30,9.14G,0.01797,0.006626,0.01471,0.03931,131,512,0.6556,0.6813,0.6799,0.6513,0.01472,0.003481,0.02685
31,9.14G,0.01811,0.006569,0.01447,0.03914,135,512,0.6585,0.6809,0.6808,0.6518,0.01453,0.003561,0.02636
32,9.14G,0.01773,0.006568,0.01428,0.03857,96,512,0.6569,0.6823,0.6825,0.6546,0.01438,0.003452,0.02603
33,9.14G,0.01767,0.006556,0.014,0.03822,106,512,0.6584,0.6805,0.6819,0.6536,0.01437,0.003441,0.0257
34,9.14G,0.01755,0.006471,0.01387,0.03789,82,512,0.6476,0.6785,0.6803,0.6525,0.01423,0.003481,0.02535
35,9.14G,0.0176,0.006434,0.01368,0.03771,123,512,0.663,0.686,0.6847,0.656,0.01408,0.0035,0.0251
36,9.14G,0.01734,0.006369,0.0134,0.03711,102,512,0.6683,0.6883,0.6859,0.6575,0.01396,0.003365,0.0248
37,9.14G,0.01714,0.006318,0.01327,0.03673,90,512,0.6662,0.687,0.6851,0.6565,0.01394,0.003321,0.02454
38,9.14G,0.0171,0.006316,0.01332,0.03673,119,512,0.6725,0.6907,0.6886,0.6594,0.01385,0.003328,0.0243
39,9.14G,0.01714,0.006352,0.01303,0.03653,126,512,0.6655,0.6909,0.6888,0.6594,0.01376,0.003309,0.02409
40,9.14G,0.01695,0.006228,0.01313,0.03631,101,512,0.6596,0.6897,0.6883,0.6596,0.01357,0.00333,0.02389
41,9.14G,0.01681,0.006216,0.01292,0.03594,122,512,0.6605,0.6915,0.6899,0.6612,0.0135,0.003316,0.02373
42,9.14G,0.01664,0.006223,0.01275,0.03561,136,512,0.6655,0.6926,0.6907,0.662,0.01342,0.003329,0.02354
43,9.14G,0.01668,0.006234,0.01266,0.03557,92,512,0.6694,0.6958,0.6928,0.6633,0.01326,0.003353,0.02335
44,9.14G,0.01674,0.006157,0.01259,0.03549,103,512,0.6657,0.696,0.6936,0.6642,0.01319,0.003343,0.02318
45,9.14G,0.0166,0.006095,0.01255,0.03524,136,512,0.6656,0.6968,0.6939,0.6646,0.01309,0.003313,0.023
46,9.14G,0.0163,0.006062,0.01229,0.03466,151,512,0.6655,0.6975,0.6946,0.6655,0.01304,0.003306,0.02283
47,9.14G,0.0163,0.006078,0.01241,0.03478,112,512,0.6607,0.6974,0.695,0.6659,0.01296,0.003303,0.02272
48,9.14G,0.01636,0.00605,0.01231,0.03473,84,512,0.6612,0.6988,0.695,0.6657,0.01291,0.003305,0.02261
49,9.14G,0.0162,0.006031,0.01217,0.0344,85,512,0.6662,0.699,0.6959,0.6663,0.01293,0.003311,0.02249
50,9.14G,0.01593,0.005997,0.01202,0.03395,78,512,0.6669,0.6996,0.6963,0.6666,0.01287,0.003309,0.02239
51,9.14G,0.01607,0.006028,0.01202,0.03412,116,512,0.6681,0.7008,0.6968,0.6672,0.01282,0.003287,0.02229
52,9.14G,0.01592,0.005921,0.01194,0.03379,114,512,0.6692,0.7016,0.6963,0.6669,0.01278,0.003289,0.0222
53,9.14G,0.01592,0.005928,0.01178,0.03363,139,512,0.67,0.702,0.6967,0.6673,0.01274,0.003288,0.02214
54,9.14G,0.01596,0.006017,0.01204,0.03402,89,512,0.6693,0.7017,0.697,0.6677,0.01273,0.003285,0.02207
55,9.14G,0.01574,0.005911,0.01173,0.03338,95,512,0.6705,0.7031,0.6978,0.6683,0.01269,0.003277,0.022
56,9.14G,0.01575,0.005883,0.01178,0.03341,107,512,0.6708,0.7034,0.6983,0.6687,0.01264,0.003271,0.02192
57,9.14G,0.01582,0.005855,0.01163,0.03331,129,512,0.6708,0.7036,0.6995,0.6699,0.01261,0.003261,0.02186
58,9.14G,0.01565,0.005872,0.01174,0.03327,134,512,0.671,0.7035,0.6999,0.6699,0.01258,0.003268,0.0218
59,9.14G,0.01551,0.005871,0.01154,0.03293,109,512,0.6718,0.7034,0.7002,0.6701,0.01255,0.003273,0.02174
60,9.14G,0.01558,0.005874,0.01152,0.03297,103,512,0.6722,0.7035,0.7004,0.6703,0.01253,0.003272,0.02168
61,9.14G,0.01543,0.005762,0.0115,0.03269,86,512,0.6712,0.7039,0.7015,0.6712,0.01252,0.003268,0.02163
62,9.14G,0.01556,0.005758,0.01155,0.03286,138,512,0.6706,0.7047,0.7018,0.6716,0.0125,0.003266,0.02156
63,9.14G,0.01528,0.005781,0.01141,0.03248,89,512,0.6713,0.7058,0.7023,0.6719,0.01248,0.003261,0.02149
64,9.14G,0.01534,0.005716,0.01135,0.0324,106,512,0.6724,0.7066,0.7027,0.6722,0.01247,0.003261,0.02143
65,9.14G,0.01512,0.005738,0.01117,0.03203,117,512,0.6722,0.7069,0.7032,0.6725,0.01246,0.003259,0.02136
66,9.14G,0.01518,0.005767,0.01136,0.03231,130,512,0.6731,0.7073,0.7033,0.6728,0.01244,0.00326,0.02131
67,9.14G,0.01528,0.005705,0.01127,0.03226,129,512,0.6741,0.7084,0.7032,0.6727,0.01243,0.00326,0.02125
68,9.14G,0.01537,0.005701,0.01136,0.03243,128,512,0.6741,0.7085,0.7034,0.6728,0.01241,0.003254,0.0212
69,9.14G,0.01513,0.005732,0.01122,0.03208,145,512,0.6741,0.7089,0.7038,0.6733,0.01239,0.003253,0.02116
70,9.14G,0.01497,0.005695,0.01132,0.03199,159,512,0.6738,0.7088,0.7045,0.6739,0.01238,0.003252,0.0211
71,9.14G,0.01496,0.005633,0.01108,0.03167,95,512,0.6741,0.7091,0.7045,0.674,0.01237,0.003248,0.02105
72,9.14G,0.01499,0.005665,0.01103,0.03169,160,512,0.6746,0.7094,0.7047,0.6741,0.01236,0.003244,0.021
73,9.14G,0.01493,0.005622,0.01105,0.0316,79,512,0.6753,0.7099,0.7049,0.6742,0.01235,0.003239,0.02095
74,9.14G,0.0147,0.005563,0.01103,0.03129,94,512,0.6753,0.71,0.7051,0.6743,0.01235,0.003242,0.0209
75,9.14G,0.01483,0.005647,0.01093,0.03141,134,512,0.6753,0.7099,0.7053,0.6745,0.01234,0.003239,0.02084
76,9.14G,0.01487,0.005564,0.01093,0.03136,92,512,0.6759,0.7107,0.7053,0.6745,0.01234,0.003237,0.02079
77,9.14G,0.01469,0.005604,0.01098,0.03127,63,512,0.6767,0.7117,0.7058,0.675,0.01234,0.00324,0.02074
78,9.14G,0.01473,0.005636,0.01076,0.03113,120,512,0.6771,0.712,0.7062,0.6752,0.01234,0.003239,0.02069
79,9.14G,0.01457,0.005506,0.01069,0.03076,101,512,0.6776,0.7123,0.7066,0.676,0.01233,0.003239,0.02064
80,9.14G,0.0146,0.005533,0.01074,0.03087,81,512,0.6773,0.7123,0.7069,0.6763,0.01234,0.003239,0.02059
81,9.14G,0.01469,0.005588,0.01088,0.03116,85,512,0.6778,0.7126,0.7071,0.6764,0.01234,0.003239,0.02055
82,9.14G,0.01452,0.005594,0.01083,0.03095,99,512,0.6777,0.7124,0.7075,0.6767,0.01235,0.003241,0.0205
83,9.14G,0.01431,0.005495,0.01059,0.03039,81,512,0.6779,0.7121,0.7076,0.6767,0.01236,0.003243,0.02047
84,9.14G,0.01458,0.005513,0.01072,0.0308,104,512,0.6783,0.7121,0.7078,0.6769,0.01237,0.003244,0.02043
85,9.14G,0.01455,0.005541,0.0108,0.03089,118,512,0.6792,0.7131,0.708,0.6772,0.01238,0.003245,0.02039
86,9.14G,0.01429,0.005494,0.01076,0.03054,97,512,0.6794,0.7134,0.7084,0.6776,0.01239,0.003245,0.02035
87,9.14G,0.01422,0.005432,0.01061,0.03027,135,512,0.6799,0.7151,0.7088,0.6778,0.01241,0.003252,0.02032
88,9.14G,0.01448,0.005492,0.01061,0.03059,107,512,0.68,0.7155,0.7092,0.6781,0.01243,0.003259,0.02029
89,9.14G,0.0142,0.005442,0.01052,0.03016,108,512,0.6851,0.7159,0.7098,0.6785,0.01243,0.003258,0.02026
90,9.14G,0.01425,0.005433,0.01058,0.03027,89,512,0.6847,0.7153,0.7101,0.6786,0.01245,0.003264,0.02022
91,9.14G,0.01408,0.005347,0.01045,0.02987,137,512,0.6852,0.7158,0.7102,0.6788,0.01246,0.003268,0.02019
92,9.14G,0.01429,0.005455,0.01053,0.03027,84,512,0.6805,0.7134,0.7095,0.6783,0.01247,0.003273,0.02015
93,9.14G,0.01423,0.00542,0.01057,0.03022,104,512,0.6814,0.715,0.7099,0.6786,0.01247,0.003274,0.02012
94,9.14G,0.01422,0.005406,0.01047,0.0301,141,512,0.6817,0.7147,0.7103,0.679,0.01249,0.00328,0.02009
95,9.14G,0.01406,0.005363,0.01046,0.02989,112,512,0.6821,0.7148,0.7105,0.6792,0.0125,0.003278,0.02005
96,9.14G,0.01399,0.0054,0.01045,0.02984,100,512,0.6828,0.7155,0.7111,0.6796,0.0125,0.00328,0.02001
97,9.14G,0.01393,0.005326,0.01037,0.02962,100,512,0.683,0.7157,0.7114,0.6798,0.01251,0.003284,0.01997
98,9.14G,0.01403,0.005372,0.01035,0.02975,72,512,0.6832,0.7159,0.7117,0.6801,0.01251,0.003285,0.01993
99,9.14G,0.01397,0.005406,0.01038,0.02976,125,512,0.6837,0.7161,0.7122,0.6805,0.01251,0.003295,0.01987
100,9.14G,0.01395,0.005364,0.01025,0.02956,139,512,0.6837,0.7163,0.7126,0.681,0.01251,0.003302,0.01981
101,9.14G,0.01396,0.005359,0.01039,0.02971,114,512,0.6845,0.7167,0.7131,0.6814,0.01251,0.003304,0.01976
102,9.14G,0.01391,0.005398,0.01054,0.02985,125,512,0.6869,0.7147,0.7133,0.6816,0.01252,0.003248,0.01972
103,9.14G,0.01376,0.005296,0.01031,0.02937,138,512,0.6868,0.7129,0.7134,0.6817,0.01256,0.003225,0.01971
104,9.14G,0.01388,0.005332,0.01027,0.02948,115,512,0.6874,0.7126,0.7134,0.6816,0.01259,0.003226,0.01969
105,9.14G,0.01375,0.005255,0.01035,0.02935,117,512,0.6883,0.7135,0.7137,0.6819,0.01261,0.00323,0.01966
106,9.14G,0.01381,0.005294,0.01033,0.02944,92,512,0.6889,0.7143,0.7139,0.6821,0.01262,0.003235,0.01963
107,9.14G,0.01384,0.00531,0.01023,0.02938,101,512,0.6895,0.7146,0.7141,0.6824,0.01262,0.003237,0.01961
108,9.14G,0.01367,0.005313,0.01022,0.0292,130,512,0.6898,0.715,0.7142,0.6822,0.01262,0.003237,0.01957
109,9.14G,0.01376,0.005302,0.01023,0.02929,95,512,0.6899,0.715,0.7147,0.6827,0.01262,0.003233,0.01953
110,9.14G,0.01354,0.005241,0.01007,0.02885,87,512,0.6899,0.7148,0.715,0.6829,0.01262,0.003231,0.01949
111,9.14G,0.01362,0.005244,0.0101,0.02897,96,512,0.6901,0.7146,0.7151,0.6829,0.01262,0.003233,0.01945
112,9.14G,0.01343,0.005179,0.01004,0.02864,96,512,0.69,0.7155,0.7155,0.6834,0.01262,0.003234,0.0194
113,9.14G,0.01354,0.005256,0.01007,0.02887,153,512,0.69,0.7158,0.716,0.6839,0.01261,0.003229,0.01936
114,9.14G,0.0136,0.005235,0.01018,0.02901,90,512,0.6999,0.7197,0.7198,0.6874,0.01261,0.003233,0.01932
115,9.14G,0.01346,0.005224,0.01007,0.02876,104,512,0.7055,0.7211,0.7198,0.6875,0.01261,0.003235,0.01928
116,9.14G,0.01338,0.005188,0.0101,0.02867,117,512,0.7054,0.7215,0.7202,0.6878,0.01261,0.003237,0.01924
117,9.14G,0.01349,0.005199,0.009988,0.02867,127,512,0.7066,0.7221,0.7206,0.6882,0.01261,0.003245,0.01919
118,9.14G,0.01321,0.005144,0.009966,0.02832,110,512,0.7065,0.7223,0.7208,0.6884,0.0126,0.003248,0.01915
119,9.14G,0.01333,0.005158,0.01001,0.02849,97,512,0.7067,0.7218,0.7213,0.6887,0.01259,0.003247,0.0191
120,9.14G,0.01323,0.005192,0.009943,0.02836,114,512,0.7061,0.7213,0.7217,0.6891,0.01259,0.003246,0.01905
121,9.14G,0.01345,0.005191,0.009844,0.02848,114,512,0.7061,0.7217,0.7221,0.6895,0.01257,0.003247,0.01899
122,9.14G,0.01321,0.005127,0.00992,0.02826,81,512,0.7063,0.7227,0.7226,0.6897,0.01256,0.003242,0.01895
123,9.14G,0.01335,0.005163,0.009929,0.02844,117,512,0.7081,0.7247,0.723,0.6901,0.01255,0.003243,0.0189
124,9.14G,0.01321,0.005146,0.009883,0.02824,86,512,0.7067,0.7247,0.7231,0.6904,0.01254,0.003244,0.01886
125,9.14G,0.01311,0.005092,0.009831,0.02803,125,512,0.7066,0.7251,0.7233,0.6904,0.01253,0.003244,0.01881
126,9.14G,0.01319,0.005142,0.009836,0.02817,118,512,0.7064,0.7251,0.724,0.691,0.01251,0.003241,0.01878
127,9.14G,0.01303,0.005118,0.00987,0.02802,116,512,0.7067,0.7256,0.7243,0.6912,0.01249,0.00324,0.01874
128,9.14G,0.01311,0.005131,0.009902,0.02814,76,512,0.707,0.7257,0.7245,0.6914,0.01248,0.003235,0.01869
129,9.14G,0.01313,0.005117,0.009777,0.02802,96,512,0.7067,0.7255,0.7248,0.6916,0.01246,0.003224,0.01865
130,9.14G,0.01314,0.005132,0.009766,0.02804,88,512,0.7066,0.7258,0.7251,0.692,0.01244,0.003215,0.01861
131,9.14G,0.01297,0.005079,0.009818,0.02787,111,512,0.712,0.7317,0.7306,0.6969,0.01243,0.003205,0.01855
132,9.14G,0.01284,0.005066,0.009766,0.02767,105,512,0.7121,0.7318,0.731,0.6971,0.01241,0.003196,0.01849
133,9.14G,0.01313,0.005114,0.00978,0.02803,93,512,0.7075,0.7272,0.7289,0.6953,0.01239,0.003187,0.01844
134,9.14G,0.01304,0.005086,0.009803,0.02793,103,512,0.7094,0.7283,0.7294,0.6957,0.01237,0.003179,0.0184
135,9.14G,0.01298,0.005032,0.009687,0.0277,90,512,0.7125,0.7337,0.7321,0.6982,0.01235,0.003176,0.01835
136,9.14G,0.01288,0.005009,0.009681,0.02757,67,512,0.7069,0.7283,0.73,0.6964,0.01234,0.003174,0.01831
137,9.14G,0.01277,0.005024,0.009547,0.02734,127,512,0.707,0.7287,0.7302,0.6966,0.01233,0.003169,0.01828
138,9.14G,0.01299,0.005015,0.009711,0.02772,122,512,0.7131,0.7351,0.7332,0.6992,0.01231,0.003147,0.01824
139,9.14G,0.01278,0.004971,0.009616,0.02736,113,512,0.7028,0.7338,0.7329,0.6989,0.01228,0.003135,0.01819
140,9.14G,0.01261,0.004905,0.009536,0.02705,59,512,0.7026,0.7338,0.7332,0.6992,0.01226,0.003128,0.01815
141,9.14G,0.01275,0.004951,0.009715,0.02741,126,512,0.6978,0.7326,0.7331,0.6991,0.01223,0.003116,0.01811
142,9.14G,0.01278,0.004929,0.009712,0.02742,125,512,0.6978,0.7328,0.7335,0.6994,0.01222,0.003109,0.01807
143,9.14G,0.01274,0.004939,0.009735,0.02741,101,512,0.6978,0.7335,0.7338,0.6996,0.01221,0.003099,0.01804
144,9.14G,0.01273,0.004902,0.009551,0.02718,121,512,0.6925,0.7287,0.7317,0.6977,0.01219,0.003088,0.018
145,9.14G,0.0126,0.004844,0.009463,0.02691,125,512,0.6926,0.7299,0.7322,0.6983,0.01217,0.003079,0.01796
146,9.14G,0.01259,0.004865,0.009449,0.02691,93,512,0.693,0.7305,0.7325,0.6984,0.01215,0.003069,0.01792
147,9.14G,0.01251,0.004817,0.009391,0.02671,90,512,0.6931,0.7308,0.7329,0.6986,0.01214,0.003064,0.01787
148,9.14G,0.01254,0.004835,0.009492,0.02687,107,512,0.6985,0.7332,0.7334,0.6992,0.01212,0.003052,0.01782
149,9.14G,0.0125,0.004823,0.009465,0.02679,101,512,0.699,0.7339,0.7346,0.7002,0.01211,0.003044,0.01778
150,9.14G,0.01252,0.004778,0.009264,0.02656,108,512,0.6996,0.7345,0.7356,0.7009,0.01209,0.003033,0.01774
151,9.14G,0.0125,0.004833,0.009408,0.02674,85,512,0.7004,0.7356,0.7359,0.7014,0.01208,0.003017,0.01769
152,9.14G,0.01237,0.004842,0.009315,0.02653,114,512,0.7007,0.7364,0.7363,0.7019,0.01206,0.003007,0.01765
153,9.14G,0.01237,0.004801,0.009275,0.02645,103,512,0.7007,0.7369,0.7368,0.7023,0.01204,0.002998,0.0176
154,9.14G,0.01246,0.004881,0.009336,0.02667,114,512,0.7012,0.7376,0.737,0.7026,0.01202,0.002988,0.01756
155,9.14G,0.01241,0.004828,0.0094,0.02664,81,512,0.701,0.7378,0.7373,0.7029,0.01201,0.002986,0.01751
156,9.14G,0.01243,0.004862,0.009324,0.02662,74,512,0.6959,0.7358,0.7363,0.7017,0.01199,0.002978,0.01746
157,9.14G,0.01218,0.004743,0.009248,0.02617,85,512,0.6967,0.7366,0.7372,0.703,0.01197,0.002971,0.01741
158,9.14G,0.01232,0.004771,0.009171,0.02627,121,512,0.6971,0.7375,0.7371,0.7029,0.01195,0.002963,0.01737
159,9.14G,0.01229,0.00477,0.009272,0.02633,110,512,0.697,0.7378,0.7375,0.7027,0.01194,0.002955,0.01732
160,9.14G,0.01222,0.00476,0.009229,0.02621,131,512,0.6967,0.7381,0.738,0.703,0.01192,0.002944,0.01727
161,9.14G,0.01223,0.004779,0.009261,0.02627,94,512,0.6961,0.7386,0.7374,0.7025,0.01189,0.002936,0.0172
162,9.14G,0.01223,0.004771,0.00916,0.02616,92,512,0.6963,0.7394,0.7379,0.703,0.01187,0.002925,0.01715
163,9.14G,0.01215,0.004749,0.009228,0.02613,59,512,0.6962,0.7401,0.738,0.7033,0.01185,0.002914,0.0171
164,9.14G,0.01228,0.004773,0.009202,0.02625,132,512,0.6958,0.7399,0.7377,0.703,0.01183,0.002904,0.01705
165,9.14G,0.01233,0.004766,0.009203,0.0263,93,512,0.6954,0.7406,0.738,0.7034,0.01181,0.002896,0.01701
166,9.14G,0.01215,0.004742,0.009231,0.02612,108,512,0.6951,0.7404,0.7384,0.7036,0.01179,0.002888,0.01696
167,9.14G,0.01208,0.004715,0.009102,0.0259,71,512,0.6944,0.7408,0.7388,0.704,0.01178,0.002881,0.01693
168,9.14G,0.01205,0.004683,0.008973,0.02571,97,512,0.6942,0.7409,0.7389,0.704,0.01176,0.002876,0.01688
169,9.14G,0.01213,0.004728,0.009019,0.02588,83,512,0.6941,0.7415,0.7402,0.7052,0.01174,0.00287,0.01684
170,9.14G,0.01208,0.004646,0.008886,0.02561,96,512,0.694,0.7419,0.7391,0.7043,0.01171,0.002862,0.01679
171,9.14G,0.01197,0.004696,0.008959,0.02563,137,512,0.6937,0.742,0.7391,0.7042,0.0117,0.00286,0.01675
172,9.14G,0.01206,0.004706,0.008977,0.02574,136,512,0.6939,0.7423,0.7396,0.7048,0.01168,0.002855,0.01671
173,9.14G,0.01209,0.0047,0.009111,0.0259,110,512,0.6938,0.7428,0.7402,0.7057,0.01166,0.002853,0.01667
174,9.14G,0.01198,0.004676,0.008932,0.02558,80,512,0.6937,0.743,0.7403,0.7052,0.01164,0.002847,0.01664
175,9.14G,0.01186,0.00464,0.008972,0.02548,66,512,0.6937,0.743,0.7407,0.7056,0.01162,0.002842,0.0166
176,9.14G,0.01191,0.004693,0.00894,0.02554,136,512,0.6991,0.746,0.7426,0.7074,0.0116,0.002838,0.01656
177,9.14G,0.01197,0.004691,0.009068,0.02573,119,512,0.6992,0.7466,0.7429,0.7075,0.01159,0.002833,0.01653
178,9.14G,0.01187,0.004687,0.008893,0.02545,81,512,0.704,0.7471,0.7437,0.7083,0.01157,0.002833,0.01649
179,9.14G,0.01187,0.004611,0.008728,0.02521,95,512,0.704,0.7477,0.7443,0.7086,0.01155,0.002831,0.01645
180,9.14G,0.01193,0.004619,0.008878,0.02542,85,512,0.6985,0.7454,0.7443,0.7087,0.01154,0.002827,0.01641
181,9.14G,0.01184,0.004629,0.008961,0.02543,99,512,0.6984,0.7454,0.7445,0.7088,0.01151,0.002828,0.01638
182,9.14G,0.01178,0.00461,0.008707,0.0251,120,512,0.6982,0.7457,0.7446,0.7089,0.01149,0.002823,0.01634
183,9.14G,0.01181,0.004641,0.008926,0.02538,124,512,0.6981,0.7457,0.745,0.7092,0.01147,0.002818,0.01629
184,9.14G,0.01178,0.004627,0.008943,0.02535,72,512,0.6979,0.746,0.7453,0.7095,0.01145,0.002812,0.01625
185,9.14G,0.01175,0.004597,0.008764,0.02511,127,512,0.6978,0.7461,0.7452,0.7095,0.01142,0.002809,0.01621
186,9.14G,0.01171,0.004603,0.008588,0.0249,116,512,0.6977,0.7462,0.7455,0.7097,0.0114,0.00281,0.01617
187,9.14G,0.01177,0.004563,0.008789,0.02513,125,512,0.6974,0.7462,0.7462,0.7102,0.01137,0.002806,0.01613
188,9.14G,0.01167,0.004628,0.008786,0.02508,82,512,0.6972,0.7462,0.7468,0.7109,0.01134,0.002799,0.01609
189,9.14G,0.01164,0.004575,0.008785,0.025,118,512,0.6969,0.7465,0.747,0.7111,0.01132,0.002799,0.01605
190,9.14G,0.01167,0.004626,0.008851,0.02514,83,512,0.6965,0.7469,0.747,0.7111,0.01129,0.002798,0.01601
191,9.14G,0.01153,0.004569,0.00861,0.02471,118,512,0.7014,0.7492,0.7487,0.7129,0.01125,0.002795,0.01597
192,9.14G,0.01159,0.004595,0.008799,0.02498,96,512,0.6962,0.7468,0.7474,0.7115,0.01123,0.002796,0.01593
193,9.14G,0.0116,0.004549,0.008709,0.02486,119,512,0.6911,0.7453,0.7468,0.7109,0.01121,0.002795,0.0159
194,9.14G,0.01156,0.004559,0.008647,0.02477,108,512,0.6858,0.7405,0.7445,0.7088,0.01119,0.002793,0.01586
195,9.14G,0.01154,0.004543,0.008765,0.02485,91,512,0.6856,0.7403,0.7451,0.7097,0.01117,0.002791,0.01583
196,9.14G,0.01145,0.004527,0.008507,0.02448,62,512,0.6853,0.7405,0.7454,0.7099,0.01114,0.002783,0.0158
197,9.14G,0.01168,0.004536,0.008677,0.0249,145,512,0.6849,0.7405,0.7458,0.7102,0.01112,0.002781,0.01576
198,9.14G,0.01147,0.004508,0.008551,0.02453,119,512,0.6845,0.7406,0.7458,0.7102,0.01109,0.002783,0.01574
199,9.14G,0.01148,0.004543,0.008765,0.02479,70,512,0.6844,0.7408,0.7463,0.7108,0.01107,0.002782,0.0157
200,9.14G,0.01152,0.004572,0.008645,0.02474,108,512,0.6843,0.7413,0.7466,0.7112,0.01104,0.002778,0.01567
201,9.14G,0.01138,0.00449,0.008437,0.02431,115,512,0.6843,0.7417,0.7467,0.711,0.01102,0.002775,0.01563
202,9.14G,0.01144,0.004503,0.008564,0.02451,110,512,0.6844,0.7419,0.7471,0.7117,0.01099,0.002775,0.01559
203,9.14G,0.0114,0.004518,0.008684,0.0246,117,512,0.6843,0.7427,0.7478,0.7124,0.01096,0.002774,0.01556
204,9.14G,0.01134,0.004509,0.008562,0.02442,128,512,0.6844,0.7431,0.7476,0.7122,0.01095,0.002775,0.01553
205,9.14G,0.01132,0.004467,0.008593,0.02438,91,512,0.6845,0.7433,0.7475,0.7121,0.01093,0.002768,0.0155
206,9.14G,0.01139,0.004522,0.008399,0.02431,74,512,0.686,0.7449,0.7477,0.7122,0.01091,0.002765,0.01547
207,9.14G,0.0114,0.004548,0.008538,0.02449,121,512,0.6867,0.7454,0.7479,0.7123,0.01089,0.00276,0.01542
208,9.14G,0.01131,0.004456,0.008445,0.02421,128,512,0.6864,0.7457,0.7485,0.7127,0.01087,0.002757,0.01538
209,9.14G,0.01137,0.004463,0.008485,0.02432,88,512,0.6862,0.7463,0.7489,0.7131,0.01085,0.002753,0.01535
210,9.14G,0.01131,0.00452,0.00849,0.02432,117,512,0.6864,0.7468,0.7489,0.713,0.01083,0.002748,0.01532
211,9.14G,0.01125,0.004427,0.008399,0.02408,103,512,0.6814,0.7473,0.7484,0.7126,0.01081,0.002747,0.01529
212,9.14G,0.01124,0.004484,0.008344,0.02407,119,512,0.6816,0.7478,0.7492,0.7132,0.01078,0.002747,0.01525
213,9.14G,0.01134,0.004527,0.008421,0.02429,86,512,0.6816,0.7477,0.7495,0.7134,0.01077,0.002744,0.01522
214,9.14G,0.01119,0.004431,0.008349,0.02397,104,512,0.6869,0.7536,0.7523,0.7159,0.01076,0.002745,0.01519
215,9.14G,0.0112,0.004474,0.008323,0.024,74,512,0.6871,0.7541,0.7525,0.7163,0.01075,0.002749,0.01515
216,9.14G,0.01128,0.004441,0.008498,0.02422,102,512,0.6866,0.7538,0.7528,0.7166,0.01073,0.002744,0.01512
217,9.14G,0.01124,0.004498,0.008444,0.02418,109,512,0.6872,0.7544,0.7532,0.717,0.01071,0.002749,0.01508
218,9.14G,0.01106,0.004402,0.008491,0.02395,95,512,0.6874,0.7549,0.7536,0.7174,0.01069,0.002751,0.01505
219,9.14G,0.01121,0.004466,0.008412,0.02409,110,512,0.6873,0.7551,0.7543,0.7181,0.01067,0.002749,0.01502
220,9.14G,0.01117,0.004478,0.008422,0.02407,107,512,0.6876,0.7552,0.7545,0.7184,0.01064,0.002744,0.01497
221,9.14G,0.01115,0.004407,0.008315,0.02387,120,512,0.6876,0.7557,0.7547,0.7186,0.01063,0.002742,0.01494
222,9.14G,0.01121,0.004463,0.008302,0.02397,121,512,0.6878,0.756,0.7546,0.7185,0.01061,0.00274,0.0149
223,9.14G,0.01107,0.004401,0.008252,0.02372,117,512,0.6878,0.756,0.7547,0.7187,0.01059,0.002736,0.01487
224,9.14G,0.01119,0.004456,0.008341,0.02399,110,512,0.6886,0.7561,0.755,0.719,0.01057,0.002737,0.01484
225,9.14G,0.01103,0.004398,0.008296,0.02372,120,512,0.6886,0.7562,0.7556,0.7193,0.01056,0.002734,0.01481
226,9.14G,0.01099,0.004404,0.008283,0.02368,111,512,0.6885,0.7564,0.7554,0.7193,0.01054,0.002731,0.01478
227,9.14G,0.01107,0.004407,0.008213,0.02369,105,512,0.6885,0.7566,0.7555,0.7194,0.01052,0.002726,0.01476
228,9.14G,0.01103,0.004433,0.008212,0.02367,119,512,0.6888,0.7566,0.7556,0.7195,0.0105,0.002724,0.01473
229,9.14G,0.01108,0.004467,0.008322,0.02387,120,512,0.6891,0.7569,0.7561,0.7199,0.01049,0.002724,0.0147
230,9.14G,0.01092,0.004382,0.008287,0.02358,125,512,0.6896,0.7572,0.7565,0.7202,0.01049,0.002718,0.01468
231,9.14G,0.01085,0.004383,0.008185,0.02342,106,512,0.69,0.7569,0.7565,0.7202,0.01048,0.002715,0.01466
232,9.14G,0.01105,0.004427,0.008269,0.02375,117,512,0.6901,0.7572,0.7569,0.7204,0.01047,0.002709,0.01464
233,9.14G,0.01083,0.004368,0.008161,0.02336,84,512,0.6903,0.7584,0.7571,0.7206,0.01046,0.002701,0.01463
234,9.14G,0.01085,0.004347,0.008139,0.02334,82,512,0.6901,0.7586,0.7576,0.7211,0.01045,0.002693,0.01461
235,9.14G,0.01091,0.004359,0.00814,0.0234,99,512,0.6899,0.7587,0.7578,0.7213,0.01044,0.002693,0.01458
236,9.14G,0.01089,0.004369,0.008143,0.0234,113,512,0.6894,0.7589,0.7582,0.7216,0.01042,0.002687,0.01455
237,9.14G,0.01084,0.004384,0.008033,0.02325,118,512,0.6888,0.759,0.7586,0.7219,0.01041,0.002681,0.01452
238,9.14G,0.01076,0.004361,0.008117,0.02324,123,512,0.6888,0.7589,0.7588,0.7222,0.01038,0.002675,0.01448
239,9.14G,0.0108,0.004369,0.008181,0.02335,98,512,0.6887,0.7591,0.759,0.7223,0.01036,0.002671,0.01445
240,9.14G,0.01077,0.004317,0.008053,0.02314,120,512,0.6889,0.7606,0.7591,0.7222,0.01035,0.00266,0.01442
241,9.14G,0.01084,0.004372,0.008055,0.02326,117,512,0.6889,0.7607,0.7591,0.7221,0.01034,0.002659,0.0144
242,9.14G,0.01093,0.004412,0.008249,0.02359,127,512,0.689,0.7608,0.7594,0.7225,0.01033,0.002657,0.01437
243,9.14G,0.01072,0.004347,0.008154,0.02322,102,512,0.6891,0.7604,0.7595,0.7226,0.01031,0.002653,0.01433
244,9.14G,0.01075,0.004335,0.007988,0.02308,125,512,0.6891,0.7604,0.76,0.723,0.01029,0.002645,0.0143
245,9.14G,0.01075,0.004357,0.008068,0.02318,92,512,0.6893,0.7605,0.7603,0.7233,0.01028,0.002646,0.01426
246,9.14G,0.01069,0.004304,0.007988,0.02298,75,512,0.6895,0.7607,0.759,0.7217,0.01026,0.00264,0.01423
247,9.14G,0.01071,0.004279,0.007971,0.02296,114,512,0.6897,0.7608,0.7591,0.722,0.01025,0.00263,0.01421
248,9.14G,0.01074,0.00434,0.008139,0.02321,106,512,0.6897,0.7613,0.7594,0.7223,0.01023,0.002624,0.01418
249,9.14G,0.01055,0.004294,0.007969,0.02281,99,512,0.6895,0.7612,0.7593,0.7224,0.01021,0.002623,0.01415
250,9.14G,0.01066,0.004368,0.008053,0.02308,105,512,0.6895,0.7613,0.7595,0.7224,0.01019,0.002625,0.01411
251,9.14G,0.0106,0.004276,0.007965,0.02284,113,512,0.6893,0.7614,0.7603,0.7232,0.01018,0.002621,0.01408
252,9.14G,0.01062,0.004288,0.00801,0.02292,86,512,0.6942,0.7641,0.7619,0.7248,0.01017,0.002612,0.01405
253,9.14G,0.01061,0.004272,0.008016,0.0229,97,512,0.6941,0.7646,0.7618,0.7245,0.01015,0.002608,0.01402
254,9.14G,0.01053,0.004284,0.008064,0.02287,119,512,0.6939,0.7648,0.7616,0.7244,0.01014,0.002603,0.014
255,9.14G,0.01059,0.004261,0.007842,0.02269,93,512,0.6938,0.7649,0.762,0.7247,0.01013,0.002601,0.01398
256,9.14G,0.01045,0.00427,0.008061,0.02278,99,512,0.6939,0.7649,0.7626,0.7253,0.01012,0.002599,0.01394
257,9.14G,0.01058,0.004317,0.008055,0.02295,108,512,0.6989,0.7651,0.7626,0.7249,0.0101,0.002617,0.01392
258,9.14G,0.01047,0.004254,0.007875,0.0226,77,512,0.6988,0.7655,0.7637,0.7259,0.01009,0.002624,0.01389
259,9.14G,0.01051,0.004264,0.00795,0.02272,83,512,0.699,0.7657,0.7638,0.7259,0.01008,0.002621,0.01386
260,9.14G,0.01032,0.004186,0.007898,0.0224,103,512,0.7041,0.7685,0.7647,0.7268,0.01006,0.002616,0.01384
261,9.14G,0.01045,0.004226,0.007875,0.02255,121,512,0.7045,0.7686,0.7645,0.7267,0.01005,0.00261,0.01381
262,9.14G,0.01044,0.004199,0.007799,0.02244,148,512,0.7043,0.7685,0.7647,0.727,0.01004,0.002609,0.01379
263,9.14G,0.01039,0.004253,0.007885,0.02253,106,512,0.7041,0.7686,0.765,0.7273,0.01003,0.002601,0.01377
264,9.14G,0.01041,0.004267,0.007976,0.02266,94,512,0.7035,0.7685,0.7652,0.7274,0.01002,0.002601,0.01375
265,9.14G,0.01052,0.004244,0.008019,0.02278,91,512,0.7037,0.7688,0.7654,0.7277,0.01002,0.002602,0.01372
266,9.14G,0.01043,0.004226,0.007876,0.02254,75,512,0.7037,0.7689,0.7655,0.7276,0.01003,0.002605,0.01369
267,9.14G,0.01032,0.004234,0.00779,0.02234,103,512,0.7036,0.769,0.7657,0.7279,0.01003,0.002606,0.01367
268,9.14G,0.01037,0.00421,0.00778,0.02236,127,512,0.7035,0.769,0.7664,0.7286,0.01002,0.002601,0.01365
269,9.14G,0.01031,0.004206,0.007762,0.02227,129,512,0.7035,0.7694,0.7656,0.7277,0.01002,0.0026,0.01363
270,9.14G,0.01036,0.004163,0.007806,0.02233,106,512,0.7039,0.7696,0.7657,0.7278,0.01002,0.0026,0.01361
271,9.14G,0.01026,0.004197,0.007773,0.02223,83,512,0.7043,0.7698,0.7657,0.7278,0.01,0.002595,0.01359
272,9.14G,0.0101,0.004119,0.00768,0.0219,103,512,0.7041,0.77,0.7658,0.728,0.00999,0.002589,0.01356
273,9.14G,0.01031,0.004195,0.007723,0.02223,115,512,0.7039,0.77,0.7663,0.7284,0.009974,0.002582,0.01354
274,9.14G,0.01022,0.004171,0.007754,0.02215,94,512,0.7038,0.7701,0.7665,0.7286,0.009961,0.002582,0.01352
275,9.14G,0.01035,0.00423,0.007779,0.02236,142,512,0.7037,0.7702,0.7661,0.7283,0.009947,0.00258,0.01349
276,9.14G,0.01018,0.00417,0.00772,0.02207,89,512,0.7037,0.7702,0.7663,0.7283,0.009932,0.00258,0.01346
277,9.14G,0.01011,0.004148,0.007586,0.02185,70,512,0.7038,0.7705,0.7663,0.7282,0.009926,0.002581,0.01344
278,9.14G,0.01008,0.004125,0.007657,0.02187,119,512,0.7092,0.7736,0.7679,0.7295,0.009916,0.002577,0.01341
279,9.14G,0.01011,0.004167,0.007627,0.02191,123,512,0.7094,0.7746,0.7682,0.7298,0.009907,0.002576,0.01338
280,9.14G,0.01011,0.004149,0.007619,0.02188,122,512,0.7096,0.7748,0.7679,0.7293,0.009896,0.002576,0.01335
281,9.14G,0.0102,0.00415,0.007735,0.02208,152,512,0.7096,0.7747,0.7682,0.7295,0.009886,0.002578,0.01332
282,9.14G,0.01003,0.004138,0.007742,0.02191,74,512,0.7093,0.7746,0.7682,0.7293,0.009871,0.002581,0.01329
283,9.14G,0.01028,0.004218,0.007824,0.02232,65,512,0.7094,0.7748,0.7686,0.7297,0.009865,0.002586,0.01326
284,9.14G,0.0102,0.004199,0.007804,0.0222,69,512,0.709,0.7746,0.7687,0.7299,0.009857,0.002582,0.01324
285,9.14G,0.01013,0.004131,0.007685,0.02194,140,512,0.7092,0.7759,0.7688,0.7298,0.009844,0.002582,0.01322
286,9.14G,0.0101,0.004152,0.007701,0.02196,81,512,0.709,0.7761,0.7691,0.7301,0.00984,0.002577,0.0132
287,9.14G,0.01003,0.004104,0.007552,0.02169,124,512,0.7089,0.7762,0.7693,0.7302,0.009836,0.002577,0.01317
288,9.14G,0.01003,0.004149,0.00769,0.02187,118,512,0.7089,0.7763,0.7698,0.7304,0.00983,0.002573,0.01314
289,9.14G,0.009982,0.004114,0.007574,0.02167,68,512,0.7089,0.7766,0.7702,0.7311,0.009822,0.002576,0.01313
290,9.14G,0.009996,0.004123,0.007652,0.02177,117,512,0.7087,0.7763,0.77,0.7312,0.009809,0.002576,0.01311
291,9.14G,0.009974,0.004118,0.007423,0.02151,122,512,0.7037,0.7715,0.7677,0.7289,0.009801,0.002578,0.01309
292,9.14G,0.009925,0.004099,0.007466,0.02149,125,512,0.7035,0.7715,0.7681,0.7292,0.009798,0.002581,0.01307
293,9.14G,0.01001,0.004102,0.007664,0.02178,101,512,0.7036,0.7717,0.7684,0.7294,0.009795,0.002589,0.01304
294,9.14G,0.009934,0.004112,0.007599,0.02164,104,512,0.7035,0.772,0.7689,0.7297,0.009793,0.002593,0.01302
295,9.14G,0.009857,0.004082,0.007576,0.02151,113,512,0.7037,0.772,0.7696,0.7301,0.009782,0.002595,0.013
296,9.14G,0.009855,0.004062,0.007466,0.02138,64,512,0.7091,0.7751,0.7711,0.7313,0.009778,0.002596,0.01298
297,9.14G,0.00998,0.004097,0.007579,0.02166,110,512,0.7097,0.7743,0.7712,0.732,0.009767,0.0026,0.01297
298,9.14G,0.009928,0.004119,0.007571,0.02162,111,512,0.7099,0.7759,0.7716,0.7323,0.009759,0.002599,0.01294
299,9.14G,0.009811,0.004055,0.007462,0.02133,116,512,0.7097,0.776,0.7718,0.7323,0.009744,0.002595,0.01292
300,9.14G,0.009699,0.004015,0.007337,0.02105,111,512,0.7095,0.7759,0.772,0.7322,0.009734,0.002593,0.0129
301,9.14G,0.009848,0.004029,0.007353,0.02123,104,512,0.7093,0.7758,0.7725,0.7328,0.009727,0.002593,0.01288
302,9.14G,0.009866,0.004064,0.00751,0.02144,105,512,0.7091,0.7757,0.7732,0.7337,0.00972,0.002592,0.01286
303,9.14G,0.009809,0.004096,0.007453,0.02136,104,512,0.7091,0.7757,0.7733,0.7333,0.009719,0.002592,0.01284
304,9.14G,0.009723,0.004034,0.007367,0.02112,92,512,0.7095,0.7758,0.7731,0.7332,0.009713,0.002589,0.01281
305,9.14G,0.009727,0.004039,0.007519,0.02129,97,512,0.7096,0.7767,0.7721,0.7324,0.009707,0.00259,0.01279
306,9.14G,0.009735,0.004044,0.007467,0.02125,110,512,0.7097,0.7772,0.7717,0.7319,0.0097,0.00259,0.01277
307,9.14G,0.0097,0.004001,0.007264,0.02096,72,512,0.7098,0.7775,0.7716,0.7318,0.009693,0.002592,0.01275
308,9.14G,0.009662,0.004008,0.007352,0.02102,113,512,0.71,0.7775,0.7723,0.7325,0.009692,0.002593,0.01273
309,9.14G,0.0097,0.004032,0.007332,0.02106,94,512,0.7101,0.7777,0.7726,0.7326,0.009688,0.00259,0.01271
310,9.14G,0.009669,0.004048,0.007565,0.02128,99,512,0.7101,0.7776,0.773,0.7329,0.009685,0.002589,0.01269
311,9.14G,0.009758,0.004023,0.007569,0.02135,80,512,0.7102,0.7778,0.7731,0.7331,0.009671,0.00259,0.01267
312,9.14G,0.009701,0.004001,0.007319,0.02102,130,512,0.7109,0.7786,0.7734,0.7333,0.009667,0.00259,0.01266
313,9.14G,0.009609,0.00399,0.00738,0.02098,144,512,0.7109,0.779,0.7736,0.7335,0.009659,0.002589,0.01265
314,9.14G,0.009677,0.004035,0.007356,0.02107,130,512,0.7111,0.7796,0.7736,0.7335,0.009654,0.002589,0.01263
315,9.14G,0.009641,0.003999,0.007332,0.02097,143,512,0.7114,0.7801,0.7739,0.7337,0.009649,0.002589,0.01261
316,9.14G,0.009631,0.004022,0.007499,0.02115,90,512,0.7119,0.7807,0.7741,0.7342,0.009638,0.00259,0.0126
317,9.14G,0.009559,0.004031,0.007406,0.021,86,512,0.712,0.7809,0.7745,0.7341,0.009633,0.002584,0.01258
318,9.14G,0.009613,0.004036,0.007423,0.02107,85,512,0.7122,0.7812,0.7744,0.7341,0.009624,0.002584,0.01256
319,9.14G,0.009603,0.004023,0.007408,0.02103,125,512,0.7127,0.7813,0.7743,0.7342,0.009615,0.002583,0.01254
320,9.14G,0.009482,0.003973,0.007213,0.02067,59,512,0.7134,0.7822,0.7745,0.7344,0.00961,0.002577,0.01252
321,9.14G,0.009386,0.003922,0.007204,0.02051,116,512,0.7137,0.7824,0.775,0.7349,0.009597,0.002574,0.0125
322,9.14G,0.009433,0.003913,0.007219,0.02056,99,512,0.7141,0.7829,0.7756,0.7353,0.00959,0.002577,0.01248
323,9.14G,0.009541,0.003972,0.007401,0.02091,99,512,0.7143,0.7832,0.7757,0.7353,0.009587,0.002576,0.01244
324,9.14G,0.009518,0.003958,0.007291,0.02077,78,512,0.7147,0.7837,0.7768,0.7363,0.009583,0.002573,0.01241
325,9.14G,0.009479,0.003955,0.007261,0.02069,109,512,0.715,0.7838,0.7773,0.7367,0.009568,0.002569,0.01239
326,9.14G,0.009473,0.003956,0.007339,0.02077,97,512,0.7151,0.784,0.7782,0.7373,0.009556,0.002565,0.01236
327,9.14G,0.009414,0.00393,0.007185,0.02053,119,512,0.7153,0.7846,0.7783,0.7375,0.009555,0.002565,0.01233
328,9.14G,0.009399,0.003934,0.007155,0.02049,137,512,0.7156,0.785,0.7786,0.7377,0.009544,0.002563,0.01232
329,9.14G,0.00937,0.003915,0.007157,0.02044,69,512,0.7152,0.7849,0.7788,0.738,0.009531,0.002559,0.0123
330,9.14G,0.009372,0.003921,0.007121,0.02041,123,512,0.7153,0.7852,0.7788,0.7379,0.009524,0.002557,0.01227
331,9.14G,0.009382,0.004,0.007316,0.0207,97,512,0.7152,0.7853,0.7793,0.7387,0.009511,0.002559,0.01226
332,9.14G,0.009374,0.003925,0.007231,0.02053,90,512,0.715,0.7853,0.7793,0.7387,0.009503,0.002555,0.01224
333,9.14G,0.00923,0.003888,0.007019,0.02014,105,512,0.7152,0.7854,0.7795,0.7388,0.00949,0.002552,0.01222
334,9.14G,0.009296,0.00389,0.007149,0.02034,111,512,0.7154,0.7857,0.7797,0.7386,0.009481,0.002549,0.01219
335,9.14G,0.009329,0.003916,0.007081,0.02033,93,512,0.7154,0.7859,0.7795,0.7387,0.009473,0.002541,0.01217
336,9.14G,0.00926,0.003888,0.007088,0.02024,90,512,0.7153,0.7859,0.78,0.739,0.009466,0.002537,0.01215
337,9.14G,0.009304,0.003893,0.007102,0.0203,120,512,0.7152,0.786,0.78,0.7392,0.009458,0.002532,0.01214
338,9.14G,0.009162,0.003833,0.006929,0.01992,63,512,0.7153,0.7859,0.78,0.7394,0.009453,0.002526,0.01212
339,9.14G,0.009227,0.003876,0.007058,0.02016,109,512,0.7148,0.7861,0.7809,0.7405,0.009442,0.002526,0.01211
340,9.14G,0.009252,0.003903,0.007038,0.02019,86,512,0.7147,0.7858,0.7817,0.7415,0.009437,0.002521,0.0121
341,9.14G,0.009165,0.003872,0.007113,0.02015,84,512,0.7147,0.7863,0.782,0.7418,0.009429,0.002516,0.01209
342,9.14G,0.009142,0.003839,0.006987,0.01997,141,512,0.7146,0.7867,0.7822,0.7421,0.00942,0.00251,0.01208
343,9.14G,0.009102,0.003839,0.007041,0.01998,105,512,0.7158,0.7869,0.783,0.7427,0.009406,0.002504,0.01207
344,9.14G,0.009172,0.003876,0.007069,0.02012,90,512,0.716,0.7869,0.7828,0.743,0.009394,0.0025,0.01207
345,9.14G,0.009147,0.003852,0.006992,0.01999,97,512,0.7164,0.7872,0.7833,0.7433,0.009386,0.002492,0.01206
346,9.14G,0.009103,0.003871,0.007047,0.02002,101,512,0.7167,0.7872,0.7828,0.7427,0.009377,0.002486,0.01205
347,9.14G,0.009168,0.00386,0.007026,0.02005,115,512,0.7167,0.7871,0.7829,0.7429,0.009369,0.002476,0.01203
348,9.14G,0.009124,0.003877,0.006983,0.01998,113,512,0.7218,0.7886,0.7836,0.744,0.009367,0.002474,0.01201
349,9.14G,0.008986,0.00382,0.006952,0.01976,91,512,0.7217,0.7888,0.7838,0.744,0.009367,0.00247,0.01199
350,9.14G,0.00896,0.003855,0.00694,0.01976,124,512,0.7217,0.7887,0.7846,0.7448,0.009358,0.002466,0.01198
351,9.14G,0.009105,0.00384,0.006969,0.01991,85,512,0.7218,0.7888,0.7849,0.7446,0.009351,0.002466,0.01197
352,9.14G,0.009055,0.003826,0.007074,0.01995,112,512,0.7221,0.7888,0.7852,0.7449,0.009345,0.002466,0.01196
353,9.14G,0.008999,0.003793,0.006924,0.01972,148,512,0.7227,0.7903,0.7858,0.7457,0.009336,0.002459,0.01195
354,9.14G,0.009067,0.003827,0.006982,0.01988,132,512,0.7222,0.7902,0.7857,0.7452,0.009334,0.002457,0.01194
355,9.14G,0.008925,0.003783,0.006852,0.01956,129,512,0.7222,0.7905,0.7858,0.7456,0.009332,0.002451,0.01193
356,9.14G,0.009014,0.003782,0.006951,0.01975,133,512,0.723,0.7907,0.7863,0.7459,0.009327,0.002449,0.01191
357,9.14G,0.009006,0.003837,0.006936,0.01978,110,512,0.7229,0.7908,0.7869,0.7463,0.009325,0.002444,0.01189
358,9.14G,0.008835,0.003757,0.006759,0.01935,87,512,0.7232,0.7913,0.7876,0.7467,0.009323,0.002444,0.01188
359,9.14G,0.008917,0.003803,0.006871,0.01959,121,512,0.7184,0.7892,0.7875,0.7467,0.009319,0.002444,0.01186
360,9.14G,0.008908,0.003761,0.006887,0.01956,99,512,0.7183,0.7895,0.7877,0.7469,0.009318,0.002447,0.01184
361,9.14G,0.008919,0.003765,0.006813,0.0195,106,512,0.7234,0.792,0.79,0.7489,0.009317,0.002451,0.01183
362,9.14G,0.008852,0.003775,0.006873,0.0195,145,512,0.7235,0.7917,0.7902,0.749,0.009316,0.00245,0.01181
363,9.14G,0.008852,0.003756,0.006787,0.0194,73,512,0.7243,0.7918,0.7901,0.749,0.009316,0.00245,0.0118
364,9.14G,0.00876,0.00375,0.006736,0.01925,100,512,0.7252,0.7945,0.7911,0.7498,0.00931,0.002452,0.01178
365,9.14G,0.008907,0.003861,0.006907,0.01968,87,512,0.7257,0.7947,0.7916,0.7503,0.009311,0.002453,0.01177
366,9.14G,0.008791,0.003795,0.006805,0.01939,109,512,0.7258,0.7959,0.7926,0.7512,0.009317,0.002455,0.01175
367,9.14G,0.00878,0.003743,0.006717,0.01924,97,512,0.7257,0.7964,0.7932,0.7515,0.009317,0.002459,0.01173
368,9.14G,0.008755,0.003719,0.006746,0.01922,101,512,0.7203,0.7947,0.7915,0.75,0.009312,0.002457,0.01172
369,9.14G,0.008725,0.003692,0.006681,0.0191,142,512,0.72,0.7951,0.7915,0.75,0.009305,0.002455,0.0117
370,9.14G,0.008768,0.003737,0.006791,0.0193,114,512,0.7201,0.7954,0.7922,0.7507,0.0093,0.002453,0.01169
371,9.14G,0.008737,0.00376,0.006748,0.01925,90,512,0.72,0.7955,0.7923,0.7507,0.009293,0.002453,0.01167
372,9.14G,0.008703,0.003757,0.006849,0.01931,97,512,0.7196,0.7955,0.792,0.7506,0.009292,0.002451,0.01165
373,9.14G,0.008676,0.003782,0.006695,0.01915,61,512,0.7201,0.7957,0.7919,0.7504,0.00929,0.002453,0.01163
374,9.14G,0.008696,0.003705,0.006704,0.0191,110,512,0.7201,0.7959,0.7917,0.7502,0.009293,0.002455,0.01161
375,9.14G,0.008661,0.003699,0.006682,0.01904,88,512,0.7198,0.7959,0.7918,0.7502,0.009296,0.002462,0.0116
376,9.14G,0.008723,0.003746,0.006693,0.01916,102,512,0.7197,0.796,0.7919,0.7502,0.009294,0.002463,0.01159
377,9.14G,0.008645,0.003734,0.006724,0.0191,90,512,0.7246,0.8012,0.7947,0.7525,0.009294,0.002468,0.01158
378,9.14G,0.008613,0.003711,0.006744,0.01907,140,512,0.724,0.8009,0.7947,0.7527,0.009297,0.002477,0.01157
379,9.14G,0.008648,0.003738,0.00672,0.01911,92,512,0.7238,0.8008,0.7944,0.7525,0.009297,0.002481,0.01156
380,9.14G,0.008643,0.003808,0.006961,0.01941,107,512,0.7229,0.8009,0.7944,0.7525,0.009296,0.002518,0.01156
381,9.14G,0.008613,0.003742,0.006654,0.01901,145,512,0.7273,0.8036,0.7975,0.7549,0.009288,0.002551,0.01155
382,9.14G,0.00858,0.0037,0.006572,0.01885,94,512,0.7265,0.8035,0.7968,0.7543,0.009282,0.002572,0.01154
383,9.14G,0.008545,0.003697,0.006734,0.01898,102,512,0.7251,0.8035,0.7968,0.7544,0.009275,0.002581,0.01152
384,9.14G,0.008633,0.003722,0.006711,0.01907,89,512,0.7243,0.8038,0.7971,0.7546,0.00927,0.00259,0.01151
385,9.14G,0.008599,0.003715,0.006607,0.01892,92,512,0.724,0.8038,0.7973,0.7546,0.009269,0.00259,0.01149
386,9.14G,0.008455,0.003676,0.006551,0.01868,135,512,0.7235,0.8038,0.7976,0.7547,0.009265,0.002587,0.01148
387,9.14G,0.008522,0.003665,0.006598,0.01878,132,512,0.7181,0.8015,0.7965,0.7537,0.009254,0.00259,0.01146
388,9.14G,0.008452,0.003628,0.006563,0.01864,62,512,0.7175,0.8016,0.7973,0.7545,0.009246,0.002589,0.01144
389,9.14G,0.008498,0.003662,0.006607,0.01877,102,512,0.7171,0.8013,0.7987,0.7556,0.009244,0.002587,0.01143
390,9.14G,0.008469,0.003669,0.006618,0.01875,90,512,0.7169,0.8013,0.7985,0.7553,0.009239,0.002587,0.01142
391,9.14G,0.008394,0.003612,0.006458,0.01846,130,512,0.7168,0.8014,0.7987,0.7555,0.009236,0.002588,0.01141
392,9.14G,0.008409,0.003605,0.006614,0.01863,99,512,0.7179,0.8027,0.7992,0.7559,0.009233,0.002582,0.01139
393,9.14G,0.008387,0.00364,0.006561,0.01859,86,512,0.7178,0.8027,0.7988,0.7557,0.009225,0.002581,0.01138
394,9.14G,0.008395,0.003616,0.006527,0.01854,139,512,0.7174,0.8019,0.799,0.7557,0.009221,0.002581,0.01137
395,9.14G,0.008378,0.003645,0.00654,0.01856,104,512,0.7227,0.8038,0.8003,0.757,0.00922,0.00258,0.01136
396,9.14G,0.008334,0.003611,0.006491,0.01844,73,512,0.7227,0.8039,0.8006,0.7572,0.009217,0.002577,0.01134
397,9.14G,0.008487,0.003718,0.006964,0.01917,113,512,0.7227,0.8043,0.8008,0.7573,0.009215,0.002581,0.01132
398,9.14G,0.008379,0.003694,0.006583,0.01866,79,512,0.7224,0.8043,0.8006,0.7572,0.009212,0.002579,0.01129
399,9.14G,0.008372,0.003587,0.006557,0.01852,74,512,0.7223,0.8043,0.8008,0.7573,0.009206,0.00258,0.01127
400,9.14G,0.008284,0.003623,0.006515,0.01842,125,512,0.7235,0.8051,0.8011,0.7573,0.009197,0.002579,0.01125
401,9.14G,0.008319,0.003592,0.006484,0.01839,95,512,0.7232,0.805,0.8014,0.7574,0.009197,0.002577,0.01123
402,9.14G,0.008383,0.003654,0.006593,0.01863,139,512,0.7228,0.8051,0.8016,0.7577,0.009192,0.002573,0.01122
403,9.14G,0.008132,0.003567,0.006359,0.01806,161,512,0.7232,0.8054,0.8008,0.7569,0.009193,0.002574,0.0112
404,9.14G,0.008231,0.00363,0.00637,0.01823,85,512,0.7223,0.8044,0.8008,0.7572,0.009192,0.00257,0.01119
405,9.14G,0.008211,0.003612,0.006384,0.01821,85,512,0.7233,0.8057,0.8014,0.7577,0.009188,0.002576,0.01117
406,9.14G,0.008214,0.003537,0.006287,0.01804,149,512,0.7172,0.8029,0.7999,0.7563,0.009184,0.002579,0.01115
407,9.14G,0.008246,0.003595,0.006449,0.01829,96,512,0.7223,0.8048,0.8025,0.7585,0.00918,0.002575,0.01113
408,9.14G,0.008234,0.00359,0.006266,0.01809,107,512,0.722,0.8049,0.803,0.7588,0.009173,0.002569,0.01111
409,9.14G,0.008122,0.00353,0.006293,0.01794,102,512,0.7218,0.8051,0.8038,0.7593,0.009171,0.002563,0.01109
410,9.14G,0.008065,0.003509,0.006251,0.01782,119,512,0.7165,0.8038,0.8031,0.7586,0.009151,0.002555,0.01106
411,9.14G,0.008058,0.003517,0.006208,0.01778,113,512,0.7184,0.8048,0.8029,0.7587,0.009129,0.002551,0.01105
412,9.14G,0.008174,0.003571,0.006335,0.01808,140,512,0.7183,0.8062,0.8036,0.7594,0.009123,0.002549,0.01103
413,9.14G,0.008146,0.003567,0.006436,0.01815,103,512,0.7176,0.8055,0.8025,0.7585,0.00912,0.002544,0.01101
414,9.14G,0.008063,0.003534,0.006278,0.01788,81,512,0.7175,0.8056,0.8028,0.7588,0.009118,0.002537,0.01099
415,9.14G,0.008078,0.003542,0.00631,0.01793,100,512,0.7174,0.8066,0.8043,0.7601,0.009094,0.002528,0.01098
416,9.14G,0.008134,0.003528,0.006392,0.01805,121,512,0.7171,0.8065,0.805,0.7606,0.009084,0.002525,0.01097
417,9.14G,0.008071,0.003498,0.006271,0.01784,102,512,0.7166,0.8066,0.8039,0.7598,0.009078,0.002518,0.01095
418,9.14G,0.008035,0.003556,0.006279,0.01787,99,512,0.7164,0.8064,0.8038,0.7594,0.009076,0.002515,0.01093
419,9.14G,0.008023,0.003514,0.006172,0.01771,136,512,0.7166,0.8065,0.8048,0.7602,0.009073,0.00251,0.01091
420,9.14G,0.008028,0.00354,0.006255,0.01782,69,512,0.7165,0.8063,0.8043,0.7597,0.009069,0.002504,0.0109
421,9.14G,0.007951,0.00349,0.006142,0.01758,127,512,0.7164,0.8064,0.8051,0.7605,0.009062,0.002499,0.01088
422,9.14G,0.007929,0.003512,0.006115,0.01756,78,512,0.7167,0.8065,0.8052,0.7605,0.009053,0.002494,0.01086
423,9.14G,0.007965,0.003468,0.006197,0.01763,125,512,0.7168,0.8065,0.8055,0.7607,0.009049,0.002491,0.01084
424,9.14G,0.007909,0.00352,0.006189,0.01762,94,512,0.7166,0.8064,0.806,0.7614,0.009045,0.002488,0.01082
425,9.14G,0.007882,0.003483,0.006113,0.01748,91,512,0.7217,0.8117,0.8086,0.764,0.009044,0.002489,0.0108
426,9.14G,0.007995,0.003544,0.006168,0.01771,103,512,0.7266,0.817,0.8115,0.7665,0.009045,0.00249,0.01079
427,9.14G,0.007866,0.003497,0.006163,0.01753,109,512,0.7267,0.8173,0.8117,0.7666,0.009041,0.002487,0.01077
428,9.14G,0.007854,0.003471,0.006139,0.01746,117,512,0.7265,0.8174,0.8118,0.7669,0.009042,0.002487,0.01075
429,9.14G,0.007888,0.003483,0.006165,0.01754,110,512,0.7218,0.8123,0.8096,0.7644,0.009041,0.00249,0.01073
430,9.14G,0.007741,0.003417,0.006057,0.01722,128,512,0.7269,0.813,0.8101,0.7651,0.009038,0.002485,0.01071
431,9.14G,0.007822,0.003454,0.006039,0.01732,120,512,0.7321,0.8182,0.8134,0.7682,0.009034,0.002481,0.01069
432,9.14G,0.007924,0.00345,0.006089,0.01746,94,512,0.7317,0.8176,0.8136,0.7686,0.009032,0.002483,0.01068
433,9.14G,0.007891,0.003517,0.006219,0.01763,162,512,0.7313,0.8165,0.8135,0.7685,0.009032,0.002481,0.01066
434,9.14G,0.007792,0.00345,0.006069,0.01731,89,512,0.7309,0.8166,0.8133,0.7681,0.009023,0.002481,0.01065
435,9.14G,0.007845,0.003439,0.006036,0.01732,119,512,0.7305,0.8167,0.8132,0.7679,0.009021,0.002482,0.01063
436,9.14G,0.007898,0.00351,0.006317,0.01772,93,512,0.7304,0.8167,0.8129,0.7676,0.009021,0.002476,0.01062
437,9.14G,0.007892,0.00353,0.006298,0.01772,119,512,0.7303,0.8164,0.8131,0.7677,0.009017,0.002468,0.01062
438,9.14G,0.007701,0.003434,0.006026,0.01716,102,512,0.7303,0.8164,0.8133,0.768,0.009015,0.002465,0.01061
439,9.14G,0.007753,0.003457,0.006161,0.01737,84,512,0.7307,0.8165,0.8134,0.7681,0.009014,0.002468,0.01059
440,9.14G,0.007732,0.003425,0.006004,0.01716,155,512,0.731,0.8165,0.8136,0.7682,0.00901,0.00247,0.01058
441,9.14G,0.007749,0.003427,0.006058,0.01723,101,512,0.7312,0.8167,0.8138,0.7683,0.009002,0.002467,0.01056
442,9.14G,0.007782,0.00347,0.006167,0.01742,116,512,0.7326,0.8194,0.8144,0.7689,0.009,0.00247,0.01055
443,9.14G,0.007706,0.003455,0.006038,0.0172,94,512,0.7325,0.8196,0.815,0.7693,0.009,0.002464,0.01054
444,9.14G,0.007633,0.003409,0.006002,0.01704,108,512,0.7327,0.8196,0.8155,0.7699,0.008992,0.002466,0.01053
445,9.14G,0.007621,0.003394,0.005981,0.017,93,512,0.7331,0.8196,0.8155,0.7704,0.008988,0.002465,0.01051
446,9.14G,0.00762,0.003406,0.005948,0.01697,96,512,0.7335,0.8196,0.8157,0.7705,0.008983,0.002462,0.0105
447,9.14G,0.00759,0.003394,0.005917,0.0169,120,512,0.7333,0.8201,0.816,0.7709,0.008977,0.002457,0.01048
448,9.14G,0.007595,0.003386,0.005884,0.01687,120,512,0.7333,0.82,0.8154,0.7704,0.008976,0.002454,0.01046
449,9.14G,0.007645,0.003421,0.006049,0.01712,157,512,0.7334,0.8202,0.8153,0.7697,0.008974,0.002454,0.01045
450,9.14G,0.007503,0.003374,0.005842,0.01672,134,512,0.7334,0.8203,0.8166,0.7709,0.008976,0.002459,0.01042
451,9.14G,0.007607,0.003382,0.00589,0.01688,114,512,0.7335,0.8202,0.8165,0.7708,0.008972,0.002456,0.01041
452,9.14G,0.007497,0.003369,0.005852,0.01672,108,512,0.7335,0.8204,0.8171,0.7715,0.008965,0.002454,0.01039
453,9.14G,0.007552,0.003389,0.005948,0.01689,117,512,0.7335,0.8204,0.8168,0.7712,0.00896,0.002455,0.01037
454,9.14G,0.007524,0.003375,0.00593,0.01683,85,512,0.7336,0.8204,0.8167,0.7714,0.00895,0.002455,0.01035
455,9.14G,0.007488,0.003385,0.005905,0.01678,132,512,0.7333,0.8205,0.8168,0.7716,0.008937,0.00245,0.01033
456,9.14G,0.007533,0.003347,0.00592,0.0168,98,512,0.733,0.8205,0.8174,0.7721,0.008932,0.002443,0.01032
457,9.14G,0.007491,0.003366,0.005865,0.01672,117,512,0.7331,0.8208,0.8174,0.7721,0.008932,0.002444,0.0103
458,9.14G,0.007524,0.003398,0.005878,0.0168,109,512,0.7341,0.8228,0.8178,0.7726,0.008928,0.002443,0.01029
459,9.14G,0.007484,0.003363,0.005814,0.01666,100,512,0.734,0.8228,0.8174,0.7723,0.008926,0.002439,0.01028
460,9.14G,0.007465,0.003331,0.005832,0.01663,105,512,0.7337,0.8227,0.818,0.7729,0.00892,0.002439,0.01027
461,9.14G,0.007351,0.003303,0.005777,0.01643,76,512,0.7336,0.8229,0.8183,0.7731,0.00891,0.002441,0.01025
462,9.14G,0.007446,0.003357,0.00582,0.01662,70,512,0.7337,0.8233,0.8183,0.773,0.008904,0.002437,0.01024
463,9.14G,0.007414,0.003314,0.00572,0.01645,128,512,0.7388,0.825,0.8192,0.774,0.008904,0.002436,0.01022
464,9.14G,0.00741,0.003325,0.005738,0.01647,138,512,0.7384,0.8248,0.8193,0.7741,0.008903,0.002432,0.01021
465,9.14G,0.007386,0.003294,0.005777,0.01646,113,512,0.7379,0.8252,0.8195,0.7739,0.0089,0.002431,0.01019
466,9.14G,0.007407,0.00336,0.005798,0.01657,79,512,0.7379,0.8255,0.8198,0.7741,0.008894,0.002429,0.01018
467,9.14G,0.007364,0.003322,0.005812,0.0165,152,512,0.7376,0.8256,0.8196,0.7742,0.008882,0.002427,0.01017
468,9.14G,0.007316,0.003332,0.005781,0.01643,127,512,0.7374,0.8256,0.8199,0.7744,0.008878,0.002423,0.01016
469,9.14G,0.007341,0.00328,0.005771,0.01639,71,512,0.7372,0.8257,0.8202,0.7743,0.008868,0.002421,0.01015
470,9.14G,0.00735,0.00333,0.00577,0.01645,108,512,0.7366,0.8258,0.8204,0.7748,0.008863,0.002419,0.01014
471,9.14G,0.007326,0.003295,0.005762,0.01638,82,512,0.7365,0.8258,0.8205,0.7747,0.008856,0.002415,0.01013
472,9.14G,0.007368,0.003297,0.00565,0.01632,83,512,0.7365,0.8258,0.8206,0.7747,0.008848,0.002413,0.01012
473,9.14G,0.007371,0.003329,0.005746,0.01645,130,512,0.7365,0.8258,0.8206,0.7752,0.008843,0.002412,0.01011
474,9.14G,0.007344,0.00331,0.005784,0.01644,139,512,0.7366,0.8257,0.8208,0.7753,0.008836,0.002406,0.01011
475,9.14G,0.007413,0.003334,0.005771,0.01652,94,512,0.7363,0.8258,0.821,0.7755,0.008831,0.002405,0.0101
476,9.14G,0.007287,0.003262,0.00575,0.0163,88,512,0.7363,0.8257,0.8212,0.7756,0.008828,0.0024,0.0101
477,9.14G,0.007321,0.003338,0.005736,0.0164,85,512,0.7359,0.8256,0.8211,0.7755,0.008826,0.002392,0.01009
478,9.14G,0.007266,0.003305,0.005728,0.0163,96,512,0.7356,0.8255,0.8211,0.7754,0.008827,0.002386,0.01008
479,9.14G,0.007368,0.003385,0.005879,0.01663,107,512,0.7355,0.8258,0.8217,0.7759,0.00883,0.002384,0.01007
480,9.14G,0.007195,0.00329,0.00565,0.01613,78,512,0.7353,0.8259,0.8218,0.7766,0.008833,0.002382,0.01007
481,9.14G,0.007235,0.003288,0.005699,0.01622,100,512,0.7352,0.8262,0.8222,0.7767,0.008831,0.002377,0.01006
482,9.14G,0.007199,0.003259,0.005681,0.01614,76,512,0.7352,0.8265,0.823,0.7775,0.008835,0.002373,0.01005
483,9.14G,0.007303,0.003284,0.005672,0.01626,115,512,0.735,0.8267,0.8232,0.7778,0.008834,0.002371,0.01005
484,9.14G,0.007196,0.003242,0.005543,0.01598,87,512,0.7352,0.8269,0.8228,0.7774,0.00883,0.00237,0.01005
485,9.14G,0.007202,0.003258,0.005614,0.01607,116,512,0.7354,0.8272,0.8228,0.7774,0.008831,0.002363,0.01004
486,9.14G,0.007165,0.003247,0.005531,0.01594,123,512,0.7353,0.8275,0.8227,0.7772,0.008828,0.002362,0.01004
487,9.14G,0.007187,0.003254,0.005558,0.016,116,512,0.73,0.8226,0.8206,0.7751,0.008828,0.002356,0.01003
488,9.14G,0.0071,0.00324,0.00552,0.01586,147,512,0.7351,0.8233,0.8208,0.7755,0.008826,0.002354,0.01002
489,9.14G,0.007181,0.003259,0.005639,0.01608,96,512,0.7349,0.8233,0.821,0.7757,0.008823,0.002357,0.01001
490,9.14G,0.007061,0.003214,0.00557,0.01584,111,512,0.735,0.8234,0.8212,0.7757,0.008822,0.00236,0.009993
491,9.14G,0.007067,0.003236,0.005533,0.01584,84,512,0.7351,0.8238,0.8218,0.7762,0.008821,0.002359,0.009977
492,9.14G,0.007136,0.003251,0.005551,0.01594,127,512,0.7346,0.8234,0.8219,0.7761,0.008823,0.00236,0.009965
493,9.14G,0.007046,0.003177,0.005501,0.01572,100,512,0.7346,0.8235,0.8222,0.7764,0.008823,0.002355,0.009945
494,9.14G,0.007011,0.003186,0.005519,0.01572,102,512,0.7351,0.8236,0.8224,0.7767,0.008822,0.002357,0.009931
495,9.14G,0.007101,0.003255,0.005553,0.01591,160,512,0.7356,0.8243,0.8224,0.7767,0.008824,0.002358,0.009922
496,9.14G,0.007096,0.003221,0.005598,0.01592,91,512,0.7357,0.8247,0.8225,0.7768,0.008828,0.002358,0.009898
497,9.14G,0.007082,0.003297,0.005639,0.01602,138,512,0.7356,0.8245,0.8232,0.7772,0.008824,0.002356,0.009886
498,9.14G,0.007093,0.003225,0.005511,0.01583,91,512,0.7358,0.8249,0.8232,0.7772,0.008821,0.002357,0.009873
499,9.14G,0.00705,0.0032,0.005491,0.01574,96,512,0.7357,0.8253,0.8235,0.7774,0.008811,0.002356,0.009858
500,9.14G,0.007031,0.003203,0.005455,0.01569,115,512,0.7357,0.8257,0.8236,0.7775,0.008806,0.002352,0.009848
501,9.14G,0.007008,0.003202,0.005531,0.01574,159,512,0.7357,0.8259,0.8237,0.7774,0.008802,0.002353,0.009835
502,9.14G,0.007074,0.003197,0.005419,0.01569,98,512,0.7359,0.8261,0.8236,0.7773,0.0088,0.002354,0.009826
503,9.14G,0.006964,0.003169,0.005316,0.01545,122,512,0.7358,0.8261,0.8238,0.7774,0.008799,0.002352,0.009819
504,9.14G,0.006996,0.003189,0.005359,0.01554,129,512,0.7358,0.8262,0.8226,0.776,0.008796,0.002354,0.009807
505,9.14G,0.00697,0.003186,0.005377,0.01553,150,512,0.7355,0.8259,0.823,0.7764,0.008791,0.002353,0.009795
506,9.14G,0.006948,0.003167,0.005314,0.01543,150,512,0.7356,0.826,0.8232,0.7766,0.008781,0.002352,0.009776
507,9.14G,0.006926,0.003158,0.005309,0.01539,112,512,0.7361,0.8263,0.824,0.7774,0.008774,0.002356,0.009759
508,9.14G,0.006953,0.003149,0.005324,0.01543,104,512,0.7359,0.8268,0.8244,0.7777,0.00877,0.002358,0.009743
509,9.14G,0.006936,0.003158,0.005355,0.01545,56,512,0.7359,0.8268,0.824,0.7771,0.008763,0.002359,0.009728
510,9.14G,0.006905,0.003174,0.005306,0.01538,83,512,0.7366,0.8278,0.8239,0.777,0.008755,0.002357,0.009722
511,9.14G,0.006901,0.003161,0.005368,0.01543,123,512,0.731,0.8222,0.8216,0.7747,0.008752,0.002358,0.009711
512,9.14G,0.006937,0.003183,0.005343,0.01546,110,512,0.731,0.8223,0.8218,0.775,0.008747,0.002357,0.009703
513,9.14G,0.006866,0.003169,0.005302,0.01534,98,512,0.7314,0.8232,0.8222,0.7754,0.008746,0.002354,0.009691
514,9.14G,0.006847,0.003097,0.005303,0.01525,136,512,0.7368,0.8265,0.8237,0.7768,0.008741,0.002352,0.009678
515,9.14G,0.006834,0.003109,0.005335,0.01528,125,512,0.7424,0.8279,0.8243,0.7771,0.008745,0.002347,0.009667
516,9.14G,0.006886,0.003171,0.005344,0.0154,110,512,0.7429,0.8284,0.8244,0.7774,0.008744,0.002346,0.00966
517,9.14G,0.006871,0.003164,0.005327,0.01536,127,512,0.7431,0.8288,0.8246,0.7773,0.008742,0.002346,0.009653
518,9.14G,0.006832,0.003191,0.005461,0.01548,88,512,0.7435,0.8297,0.8245,0.7771,0.008741,0.002349,0.009645
519,9.14G,0.006972,0.003184,0.005458,0.01561,89,512,0.7438,0.83,0.825,0.7777,0.008739,0.00235,0.009633
520,9.14G,0.006896,0.003198,0.005291,0.01538,117,512,0.7432,0.8299,0.8251,0.7777,0.008733,0.002346,0.009617
521,9.14G,0.006841,0.003143,0.005259,0.01524,106,512,0.7435,0.83,0.825,0.778,0.008728,0.002344,0.00961
522,9.14G,0.006796,0.003132,0.005229,0.01516,129,512,0.7437,0.8302,0.8257,0.7788,0.008723,0.002344,0.009595
523,9.14G,0.006823,0.003133,0.005231,0.01519,119,512,0.7438,0.8301,0.8268,0.7797,0.008718,0.002341,0.009585
524,9.14G,0.006845,0.003149,0.00532,0.01531,116,512,0.7439,0.8299,0.8266,0.7796,0.008714,0.002341,0.009574
525,9.14G,0.006786,0.003139,0.005175,0.0151,124,512,0.7438,0.8298,0.8266,0.7793,0.008716,0.002338,0.009561
526,9.14G,0.006777,0.003159,0.005299,0.01524,99,512,0.744,0.8301,0.8265,0.7793,0.008713,0.002341,0.009557
527,9.14G,0.006848,0.003141,0.005233,0.01522,103,512,0.7438,0.8301,0.8267,0.7794,0.008711,0.002341,0.009556
528,9.14G,0.006807,0.003131,0.005274,0.01521,87,512,0.7429,0.8298,0.8271,0.7797,0.008702,0.002339,0.009549
529,9.14G,0.006779,0.003158,0.005176,0.01511,82,512,0.7373,0.8251,0.8247,0.7777,0.0087,0.002339,0.009541
530,9.14G,0.006699,0.003112,0.005217,0.01503,122,512,0.7379,0.8257,0.8255,0.7784,0.008704,0.002344,0.009536
531,9.14G,0.006818,0.00313,0.005222,0.01517,105,512,0.7376,0.8258,0.8259,0.7788,0.008709,0.002347,0.009532
532,9.14G,0.006704,0.003121,0.00513,0.01496,127,512,0.7372,0.8253,0.826,0.7788,0.008709,0.002351,0.009527
533,9.14G,0.006768,0.003144,0.005212,0.01512,78,512,0.7371,0.825,0.8254,0.7785,0.008706,0.002347,0.009518
534,9.14G,0.006755,0.0031,0.005209,0.01506,88,512,0.737,0.8251,0.8258,0.7787,0.008707,0.002348,0.009511
535,9.14G,0.006758,0.003144,0.005288,0.01519,118,512,0.7368,0.8251,0.826,0.779,0.008708,0.002352,0.009503
536,9.14G,0.006728,0.00311,0.005178,0.01502,139,512,0.7367,0.8254,0.8263,0.7791,0.008707,0.002351,0.009495
537,9.14G,0.006807,0.003073,0.005168,0.01505,76,512,0.7374,0.8269,0.8269,0.7797,0.008712,0.002348,0.009481
538,9.14G,0.006698,0.003107,0.005166,0.01497,78,512,0.7375,0.8274,0.8269,0.7796,0.008715,0.002344,0.009473
539,9.14G,0.006734,0.003094,0.005163,0.01499,88,512,0.7375,0.8277,0.827,0.7795,0.00872,0.002344,0.009463
540,9.14G,0.006721,0.003094,0.005197,0.01501,100,512,0.7385,0.8297,0.8276,0.7801,0.008717,0.002336,0.009459
541,9.14G,0.006719,0.003088,0.005199,0.01501,117,512,0.7376,0.8285,0.8275,0.78,0.008714,0.002331,0.009453
542,9.14G,0.006695,0.003081,0.005048,0.01483,63,512,0.739,0.8303,0.8281,0.7804,0.008713,0.002334,0.009445
543,9.14G,0.006668,0.003035,0.005118,0.01482,76,512,0.7443,0.8323,0.8287,0.7807,0.008713,0.002332,0.00944
544,9.14G,0.006641,0.003064,0.005033,0.01474,137,512,0.7442,0.8325,0.8294,0.7814,0.008705,0.002328,0.009432
545,9.14G,0.006655,0.00305,0.005032,0.01474,151,512,0.744,0.8326,0.8294,0.7814,0.0087,0.002326,0.00942
546,9.14G,0.006665,0.003076,0.005047,0.01479,95,512,0.7386,0.8313,0.829,0.781,0.008706,0.002327,0.009414
547,9.14G,0.006624,0.003088,0.005063,0.01477,101,512,0.7382,0.8314,0.829,0.7811,0.008709,0.002324,0.009399
548,9.14G,0.006733,0.003132,0.00525,0.01512,89,512,0.7378,0.8314,0.829,0.781,0.008704,0.002323,0.009391
549,9.14G,0.006682,0.0031,0.005081,0.01486,120,512,0.7376,0.8313,0.8292,0.7812,0.008703,0.002325,0.009385
550,9.14G,0.006658,0.003085,0.005065,0.01481,168,512,0.7381,0.8321,0.8295,0.7816,0.008704,0.002325,0.009378
551,9.14G,0.00667,0.003067,0.004992,0.01473,95,512,0.7327,0.83,0.8292,0.7812,0.008702,0.002319,0.009375
552,9.14G,0.006655,0.003062,0.005052,0.01477,107,512,0.7319,0.8289,0.8294,0.7815,0.008699,0.002312,0.009368
553,9.14G,0.006687,0.003074,0.005144,0.01491,110,512,0.7318,0.829,0.8292,0.7815,0.0087,0.002308,0.009362
554,9.14G,0.006679,0.00306,0.005042,0.01478,125,512,0.7317,0.8291,0.8291,0.7814,0.008701,0.002309,0.009358
555,9.14G,0.006631,0.003061,0.005108,0.0148,89,512,0.7317,0.829,0.8289,0.7812,0.008703,0.002312,0.009355
556,9.14G,0.006583,0.003069,0.004963,0.01462,93,512,0.7313,0.8289,0.8288,0.7812,0.008695,0.002314,0.009345
557,9.14G,0.006622,0.003036,0.005011,0.01467,130,512,0.7309,0.8288,0.8292,0.7813,0.008687,0.002316,0.009333
558,9.14G,0.006689,0.003086,0.00513,0.0149,127,512,0.731,0.8289,0.8295,0.7814,0.008685,0.00232,0.009325
559,9.14G,0.006617,0.003082,0.004996,0.0147,145,512,0.731,0.8288,0.8296,0.7813,0.008684,0.002323,0.009317
560,9.14G,0.006574,0.003062,0.004909,0.01455,102,512,0.7313,0.829,0.83,0.7818,0.008684,0.002327,0.00931
561,9.14G,0.006601,0.003067,0.005083,0.01475,91,512,0.7309,0.8286,0.8301,0.7819,0.008684,0.002331,0.009307
562,9.14G,0.006611,0.003051,0.004941,0.0146,101,512,0.7309,0.8286,0.8301,0.7819,0.008685,0.002335,0.009297
563,9.14G,0.006606,0.003036,0.005028,0.01467,71,512,0.731,0.829,0.8297,0.7814,0.008683,0.002334,0.009295
564,9.14G,0.006675,0.003094,0.005129,0.0149,79,512,0.7312,0.8332,0.8317,0.7832,0.008683,0.002337,0.009291
565,9.14G,0.00657,0.003038,0.004995,0.0146,132,512,0.7316,0.8331,0.8323,0.7837,0.008682,0.002332,0.009291
566,9.14G,0.006601,0.003082,0.005025,0.01471,140,512,0.7322,0.8333,0.8328,0.7848,0.008682,0.002333,0.009284
567,9.14G,0.006638,0.003062,0.005115,0.01481,105,512,0.7324,0.8352,0.833,0.7842,0.00868,0.002335,0.009277
568,9.14G,0.00664,0.003088,0.005006,0.01473,72,512,0.7328,0.836,0.8334,0.7846,0.008683,0.002341,0.00927
569,9.14G,0.006585,0.003052,0.004938,0.01457,113,512,0.7327,0.8361,0.8335,0.7847,0.008687,0.002346,0.009264
570,9.14G,0.006574,0.003029,0.004925,0.01453,103,512,0.7329,0.8364,0.8337,0.7851,0.008687,0.002344,0.00926
571,9.14G,0.006578,0.003046,0.00496,0.01458,117,512,0.7325,0.8364,0.8338,0.785,0.008691,0.002342,0.009259
572,9.14G,0.006588,0.00306,0.004942,0.01459,106,512,0.7376,0.8391,0.8357,0.7866,0.008687,0.002342,0.009253
573,9.14G,0.006564,0.003047,0.004998,0.01461,127,512,0.7377,0.8391,0.8366,0.7873,0.008689,0.002344,0.009249
574,9.14G,0.00658,0.003022,0.004937,0.01454,107,512,0.7379,0.8392,0.8363,0.787,0.008683,0.002344,0.009233
575,9.14G,0.006624,0.003056,0.00498,0.01466,115,512,0.7378,0.8391,0.8368,0.7872,0.008667,0.002338,0.009222
576,9.14G,0.006569,0.003059,0.004981,0.01461,79,512,0.738,0.8392,0.8379,0.7885,0.008657,0.002334,0.009211
577,9.14G,0.006611,0.003031,0.004992,0.01463,115,512,0.7382,0.8392,0.8378,0.7886,0.008653,0.002333,0.009203
578,9.14G,0.006572,0.003054,0.00492,0.01455,157,512,0.7382,0.8391,0.8374,0.7883,0.008657,0.002333,0.009199
579,9.14G,0.006647,0.003064,0.005024,0.01474,145,512,0.7433,0.8442,0.8398,0.7907,0.008658,0.002339,0.009194
580,9.14G,0.006592,0.003045,0.004937,0.01457,103,512,0.7437,0.8444,0.8395,0.7903,0.008655,0.002338,0.009188
581,9.14G,0.006583,0.003047,0.00497,0.0146,93,512,0.7437,0.8445,0.8395,0.79,0.008661,0.002342,0.009181
582,9.14G,0.006606,0.00305,0.004949,0.0146,96,512,0.7437,0.8447,0.8391,0.7898,0.008657,0.002343,0.009172
583,9.14G,0.006588,0.003031,0.004915,0.01453,129,512,0.7441,0.8448,0.8384,0.7892,0.008659,0.002344,0.009167
584,9.14G,0.006548,0.003023,0.004879,0.01445,97,512,0.739,0.8396,0.8358,0.7867,0.008661,0.002345,0.009164
585,9.14G,0.006545,0.003041,0.004958,0.01454,156,512,0.7391,0.8395,0.8362,0.7871,0.008662,0.002346,0.009152
586,9.14G,0.006592,0.003047,0.005007,0.01465,91,512,0.739,0.8395,0.8363,0.7872,0.008665,0.002349,0.009145
587,9.14G,0.006636,0.003085,0.004947,0.01467,127,512,0.7439,0.8446,0.8385,0.7893,0.00867,0.002354,0.009133
588,9.14G,0.00653,0.003034,0.004885,0.01445,113,512,0.7438,0.8446,0.8385,0.7893,0.008676,0.002356,0.00913
589,9.14G,0.00659,0.003026,0.00496,0.01458,90,512,0.7435,0.8447,0.8384,0.7892,0.008675,0.002354,0.009128
590,9.14G,0.006625,0.003056,0.004976,0.01466,102,512,0.7381,0.842,0.8373,0.7882,0.008679,0.002354,0.009124
591,9.14G,0.006505,0.003047,0.004929,0.01448,115,512,0.7378,0.842,0.8371,0.7885,0.008678,0.002353,0.009116
592,9.14G,0.006608,0.003072,0.005008,0.01469,125,512,0.7323,0.8369,0.8355,0.7866,0.008678,0.002349,0.00911
593,9.14G,0.006656,0.003051,0.004914,0.01462,120,512,0.7325,0.837,0.8357,0.7868,0.008675,0.002346,0.0091
594,9.14G,0.006606,0.003069,0.005006,0.01468,112,512,0.7328,0.8374,0.8351,0.7861,0.008678,0.002346,0.009097
595,9.14G,0.006589,0.003077,0.00494,0.01461,68,512,0.7326,0.8374,0.8357,0.7866,0.00867,0.002342,0.009096
596,9.14G,0.006599,0.003069,0.004935,0.0146,84,512,0.7325,0.8374,0.8358,0.7869,0.008665,0.00234,0.009094
597,9.14G,0.006598,0.003068,0.004931,0.0146,96,512,0.7325,0.8373,0.8355,0.7866,0.008674,0.00234,0.00909
598,9.14G,0.0066,0.003031,0.004872,0.0145,120,512,0.732,0.8372,0.8355,0.7868,0.008674,0.002336,0.009085
599,9.14G,0.006585,0.003042,0.004912,0.01454,83,512,0.7317,0.8373,0.8358,0.787,0.008677,0.002334,0.009075
